[
    {
        "name": "Orange Essential Oil",
        "id": "5ea3c84746e0fb0006845782",
        "sku": "AAM0187A",
        "rating": 0,
        "quantity": 20,
        "price": 225,
        "discount": null,
        "mrp": 225,
        "size": "20 ml",
        "color": "",
        "shade": "",
        "material": "",
        "share_url": "https://app.smytten.com?type=4&id=5ea3c84746e0fb0006845782&item_id=AAM0187A",
        "rate_count": 0,
        "brand_name": "Aroma Magic",
        "image_url": "http://d1gjaxk0t255cq.cloudfront.net/shop_item/AAM0187A1.jpg",
        "variant_count": null,
        "offer_text": "",
        "color_code": "",
        "color_image": null,
        "discover_sku": null
    },
    {
        "name": "Oily Skin Essentials Kit",
        "id": "5ea3c84746e0fb0006845788",
        "sku": "AAM0224AB6",
        "rating": 0,
        "quantity": 20,
        "price": 225,
        "discount": null,
        "mrp": 225,
        "size": "Combo",
        "color": "",
        "shade": "",
        "material": "",
        "share_url": "https://app.smytten.com?type=4&id=5ea3c84746e0fb0006845788&item_id=AAM0224AB6",
        "rate_count": 0,
        "brand_name": "Aroma Magic",
        "image_url": "http://d1gjaxk0t255cq.cloudfront.net/shop_item/AAM0224AB61.jpg",
        "variant_count": null,
        "offer_text": "",
        "color_code": "",
        "color_image": null,
        "discover_sku": null
    },
    {
        "name": "Oily Scalp- Balancing Toner",
        "id": "5ea3c84746e0fb000684578b",
        "sku": "AAM0200A",
        "rating": 0,
        "quantity": 20,
        "price": 225,
        "discount": null,
        "mrp": 225,
        "size": "200 ml",
        "color": "",
        "shade": "",
        "material": "",
        "share_url": "https://app.smytten.com?type=4&id=5ea3c84746e0fb000684578b&item_id=AAM0200A",
        "rate_count": 0,
        "brand_name": "Aroma Magic",
        "image_url": "http://d1gjaxk0t255cq.cloudfront.net/shop_item/AAM0200A1.jpg",
        "variant_count": null,
        "offer_text": "",
        "color_code": "",
        "color_image": null,
        "discover_sku": null
    },
    {
        "name": "Leave in Spray Conditioner",
        "id": "5ea3c84746e0fb00068457a9",
        "sku": "AAM0204A",
        "rating": 0,
        "quantity": 20,
        "price": 225,
        "discount": null,
        "mrp": 225,
        "size": "200 ml",
        "color": "",
        "shade": "",
        "material": "",
        "share_url": "https://app.smytten.com?type=4&id=5ea3c84746e0fb00068457a9&item_id=AAM0204A",
        "rate_count": 0,
        "brand_name": "Aroma Magic",
        "image_url": "http://d1gjaxk0t255cq.cloudfront.net/shop_item/AAM0204A1.jpg",
        "variant_count": null,
        "offer_text": "",
        "color_code": "",
        "color_image": null,
        "discover_sku": null
    },
    {
        "name": "Dry Skin Essentials Kit",
        "id": "5ea3c84746e0fb0006845803",
        "sku": "AAM0223AB6",
        "rating": 0,
        "quantity": 20,
        "price": 225,
        "discount": null,
        "mrp": 225,
        "size": "Combo",
        "color": "",
        "shade": "",
        "material": "",
        "share_url": "https://app.smytten.com?type=4&id=5ea3c84746e0fb0006845803&item_id=AAM0223AB6",
        "rate_count": 0,
        "brand_name": "Aroma Magic",
        "image_url": "http://d1gjaxk0t255cq.cloudfront.net/shop_item/AAM0223AB61.jpg",
        "variant_count": null,
        "offer_text": "",
        "color_code": "",
        "color_image": null,
        "discover_sku": null
    },
    {
        "name": "Cream Conditioner",
        "id": "5ea3c84746e0fb0006845819",
        "sku": "AAM0203A",
        "rating": 0,
        "quantity": 20,
        "price": 225,
        "discount": null,
        "mrp": 225,
        "size": "200 ml",
        "color": "",
        "shade": "",
        "material": "",
        "share_url": "https://app.smytten.com?type=4&id=5ea3c84746e0fb0006845819&item_id=AAM0203A",
        "rate_count": 0,
        "brand_name": "Aroma Magic",
        "image_url": "http://d1gjaxk0t255cq.cloudfront.net/shop_item/AAM0203A1.jpg",
        "variant_count": null,
        "offer_text": "",
        "color_code": "",
        "color_image": null,
        "discover_sku": null
    },
    {
        "name": "Combination Skin Essentials Kit",
        "id": "5ea3c84746e0fb000684581b",
        "sku": "AAM00242AB8",
        "rating": 0,
        "quantity": 20,
        "price": 850,
        "discount": null,
        "mrp": 850,
        "size": "Combo",
        "color": "",
        "shade": "",
        "material": "",
        "share_url": "https://app.smytten.com?type=4&id=5ea3c84746e0fb000684581b&item_id=AAM00242AB8",
        "rate_count": 0,
        "brand_name": "Aroma Magic",
        "image_url": "http://d1gjaxk0t255cq.cloudfront.net/shop_item/AAM00242AB81.jpg",
        "variant_count": null,
        "offer_text": "",
        "color_code": "",
        "color_image": null,
        "discover_sku": null
    },
    {
        "name": "Clove Essential Oil",
        "id": "5ea3c84746e0fb0006845822",
        "sku": "AAM0184A",
        "rating": 0,
        "quantity": 20,
        "price": 225,
        "discount": null,
        "mrp": 225,
        "size": "20 ml",
        "color": "",
        "shade": "",
        "material": "",
        "share_url": "https://app.smytten.com?type=4&id=5ea3c84746e0fb0006845822&item_id=AAM0184A",
        "rate_count": 0,
        "brand_name": "Aroma Magic",
        "image_url": "http://d1gjaxk0t255cq.cloudfront.net/shop_item/AAM0184A1.jpg",
        "variant_count": null,
        "offer_text": "",
        "color_code": "",
        "color_image": null,
        "discover_sku": null
    },
    {
        "name": "Cedarwood Essential Oil",
        "id": "5ea3c84746e0fb000684582f",
        "sku": "AAM0182A",
        "rating": 0,
        "quantity": 20,
        "price": 225,
        "discount": null,
        "mrp": 225,
        "size": "20 ml",
        "color": "",
        "shade": "",
        "material": "",
        "share_url": "https://app.smytten.com?type=4&id=5ea3c84746e0fb000684582f&item_id=AAM0182A",
        "rate_count": 0,
        "brand_name": "Aroma Magic",
        "image_url": "http://d1gjaxk0t255cq.cloudfront.net/shop_item/AAM0182A1.jpg",
        "variant_count": null,
        "offer_text": "",
        "color_code": "",
        "color_image": null,
        "discover_sku": null
    },
    {
        "name": "Firming Glow Pack",
        "id": "5ea3c84746e0fb00068457f5",
        "sku": "AAM0162A",
        "rating": 0,
        "quantity": 20,
        "price": 235,
        "discount": null,
        "mrp": 235,
        "size": "35g",
        "color": "",
        "shade": "",
        "material": "",
        "share_url": "https://app.smytten.com?type=4&id=5ea3c84746e0fb00068457f5&item_id=AAM0162A",
        "rate_count": 0,
        "brand_name": "Aroma Magic",
        "image_url": "http://d1gjaxk0t255cq.cloudfront.net/shop_item/AAM0162A1.jpg",
        "variant_count": null,
        "offer_text": "",
        "color_code": "",
        "color_image": null,
        "discover_sku": null
    },
    {
        "name": "Honey and Shea Butter Body Lotion",
        "id": "5ea3c84746e0fb00068457bf",
        "sku": "AAM0141A",
        "rating": 0,
        "quantity": 20,
        "price": 245,
        "discount": null,
        "mrp": 245,
        "size": "220 ml",
        "color": "",
        "shade": "",
        "material": "",
        "share_url": "https://app.smytten.com?type=4&id=5ea3c84746e0fb00068457bf&item_id=AAM0141A",
        "rate_count": 0,
        "brand_name": "Aroma Magic",
        "image_url": "http://d1gjaxk0t255cq.cloudfront.net/shop_item/AAM0141A1.jpg",
        "variant_count": null,
        "offer_text": "",
        "color_code": "",
        "color_image": null,
        "discover_sku": null
    },
    {
        "name": "Activated Bamboo Charcoal Shampoo",
        "id": "5ea3c84746e0fb000684586b",
        "sku": "AAM0220AB5",
        "rating": 0,
        "quantity": 20,
        "price": 245,
        "discount": null,
        "mrp": 245,
        "size": "200 ml",
        "color": "",
        "shade": "",
        "material": "",
        "share_url": "https://app.smytten.com?type=4&id=5ea3c84746e0fb000684586b&item_id=AAM0220AB5",
        "rate_count": 0,
        "brand_name": "Aroma Magic",
        "image_url": "http://d1gjaxk0t255cq.cloudfront.net/shop_item/AAM0220AB51.jpg",
        "variant_count": null,
        "offer_text": "",
        "color_code": "",
        "color_image": null,
        "discover_sku": null
    },
    {
        "name": "Petitgrain Essential Oil",
        "id": "5ea3c84746e0fb0006845774",
        "sku": "AAM0190A",
        "rating": 0,
        "quantity": 20,
        "price": 275,
        "discount": null,
        "mrp": 275,
        "size": "20 ml",
        "color": "",
        "shade": "",
        "material": "",
        "share_url": "https://app.smytten.com?type=4&id=5ea3c84746e0fb0006845774&item_id=AAM0190A",
        "rate_count": 0,
        "brand_name": "Aroma Magic",
        "image_url": "http://d1gjaxk0t255cq.cloudfront.net/shop_item/AAM0190A1.jpg",
        "variant_count": null,
        "offer_text": "",
        "color_code": "",
        "color_image": null,
        "discover_sku": null
    },
    {
        "name": "Peppermint Essential Oil",
        "id": "5ea3c84746e0fb0006845778",
        "sku": "AAM0189A",
        "rating": 0,
        "quantity": 20,
        "price": 275,
        "discount": null,
        "mrp": 275,
        "size": "20 ml",
        "color": "",
        "shade": "",
        "material": "",
        "share_url": "https://app.smytten.com?type=4&id=5ea3c84746e0fb0006845778&item_id=AAM0189A",
        "rate_count": 0,
        "brand_name": "Aroma Magic",
        "image_url": "http://d1gjaxk0t255cq.cloudfront.net/shop_item/AAM0189A1.jpg",
        "variant_count": null,
        "offer_text": "",
        "color_code": "",
        "color_image": null,
        "discover_sku": null
    },
    {
        "name": "Palmarosa Essential Oil",
        "id": "5ea3c84746e0fb0006845780",
        "sku": "AAM0188A",
        "rating": 0,
        "quantity": 20,
        "price": 275,
        "discount": null,
        "mrp": 275,
        "size": "20 ml",
        "color": "",
        "shade": "",
        "material": "",
        "share_url": "https://app.smytten.com?type=4&id=5ea3c84746e0fb0006845780&item_id=AAM0188A",
        "rate_count": 0,
        "brand_name": "Aroma Magic",
        "image_url": "http://d1gjaxk0t255cq.cloudfront.net/shop_item/AAM0188A1.jpg",
        "variant_count": null,
        "offer_text": "",
        "color_code": "",
        "color_image": null,
        "discover_sku": null
    },
    {
        "name": "Hair Oil- Vitamin Rich",
        "id": "5ea3c84746e0fb00068457df",
        "sku": "AAM0199A",
        "rating": 0,
        "quantity": 20,
        "price": 275,
        "discount": null,
        "mrp": 275,
        "size": "200 ml",
        "color": "",
        "shade": "",
        "material": "",
        "share_url": "https://app.smytten.com?type=4&id=5ea3c84746e0fb00068457df&item_id=AAM0199A",
        "rate_count": 0,
        "brand_name": "Aroma Magic",
        "image_url": "http://d1gjaxk0t255cq.cloudfront.net/shop_item/AAM0199A1.jpg",
        "variant_count": null,
        "offer_text": "",
        "color_code": "",
        "color_image": null,
        "discover_sku": null
    },
    {
        "name": "Cinnamon Essential Oil",
        "id": "5ea3c84746e0fb0006845829",
        "sku": "AAM0183A",
        "rating": 0,
        "quantity": 20,
        "price": 275,
        "discount": null,
        "mrp": 275,
        "size": "20 ml",
        "color": "",
        "shade": "",
        "material": "",
        "share_url": "https://app.smytten.com?type=4&id=5ea3c84746e0fb0006845829&item_id=AAM0183A",
        "rate_count": 0,
        "brand_name": "Aroma Magic",
        "image_url": "http://d1gjaxk0t255cq.cloudfront.net/shop_item/AAM0183A1.jpg",
        "variant_count": null,
        "offer_text": "",
        "color_code": "",
        "color_image": null,
        "discover_sku": null
    },
    {
        "name": "Turmeric Cleanser",
        "id": "5ea3c84746e0fb0006845744",
        "sku": "AAM0148A",
        "rating": 0,
        "quantity": 20,
        "price": 285,
        "discount": null,
        "mrp": 285,
        "size": "100 g",
        "color": "",
        "shade": "",
        "material": "",
        "share_url": "https://app.smytten.com?type=4&id=5ea3c84746e0fb0006845744&item_id=AAM0148A",
        "rate_count": 0,
        "brand_name": "Aroma Magic",
        "image_url": "http://d1gjaxk0t255cq.cloudfront.net/shop_item/AAM0148A1.jpg",
        "variant_count": null,
        "offer_text": "",
        "color_code": "",
        "color_image": null,
        "discover_sku": null
    },
    {
        "name": "Mint Cleanser",
        "id": "5ea3c84746e0fb000684579f",
        "sku": "AAM0147A",
        "rating": 0,
        "quantity": 20,
        "price": 285,
        "discount": null,
        "mrp": 285,
        "size": "100 g",
        "color": "",
        "shade": "",
        "material": "",
        "share_url": "https://app.smytten.com?type=4&id=5ea3c84746e0fb000684579f&item_id=AAM0147A",
        "rate_count": 0,
        "brand_name": "Aroma Magic",
        "image_url": "http://d1gjaxk0t255cq.cloudfront.net/shop_item/AAM0147A1.jpg",
        "variant_count": null,
        "offer_text": "",
        "color_code": "",
        "color_image": null,
        "discover_sku": null
    },
    {
        "name": "Anti Tan Combo Pack",
        "id": "5ea3c84746e0fb000684584c",
        "sku": "AAM0193A",
        "rating": 0,
        "quantity": 20,
        "price": 285,
        "discount": null,
        "mrp": 285,
        "size": "135 g",
        "color": "",
        "shade": "",
        "material": "",
        "share_url": "https://app.smytten.com?type=4&id=5ea3c84746e0fb000684584c&item_id=AAM0193A",
        "rate_count": 0,
        "brand_name": "Aroma Magic",
        "image_url": "http://d1gjaxk0t255cq.cloudfront.net/shop_item/AAM0193A1.jpg",
        "variant_count": null,
        "offer_text": "",
        "color_code": "",
        "color_image": null,
        "discover_sku": null
    }
]